type_of_variant,mutation,initial_aa,final_aa,topological_domain,functional_domain,d_size,d_hf,d_vol,d_msa,d_charge,d_pol,d_aro,residue_conserv,secondary_str,pLDDT,str_pos,MTR,label
pathogenic_variant,M1T,M,T,Cytoplasmic,unknown_function,30.090000000000003,2.5999999999999996,28.799999999999997,-31.4,neu_to_neu,np_to_p,na_to_na,0.6197,coil,35.85,GAP1,0.73,1
pathogenic_variant,M1V,M,V,Cytoplasmic,unknown_function,32.06,-2.3000000000000003,15.099999999999994,-15.700000000000001,neu_to_neu,np_to_np,na_to_na,0.6197,coil,35.85,GAP1,0.73,1
pathogenic_variant,M1K,M,K,Cytoplasmic,unknown_function,3.0200000000000102,5.8,-5.200000000000003,-50.4,neu_to_pos,np_to_p,na_to_na,0.6197,coil,35.85,GAP1,0.73,1
pathogenic_variant,G9D,G,D,Cytoplasmic,unknown_function,-58.03,3.1,-31.3,9.0,neu_to_neg,p_to_p,na_to_na,0.59054,coil,39.91,GAP1,0.669,1
benign_variant,A62V,A,V,Cytoplasmic,unknown_function,-28.060000000000002,-2.4000000000000004,-31.800000000000004,17.799999999999997,neu_to_neu,np_to_np,na_to_na,0.54134,coil,35.21,GAP1,0.754,0
pathogenic_variant,N79K,N,K,Cytoplasmic,unknown_function,-14.069999999999993,0.3999999999999999,-32.6,-8.199999999999996,neu_to_pos,p_to_p,na_to_na,0.7236,helix,86.53,FRAG1,0.597,1
benign_variant,L81P,L,P,Cytoplasmic,unknown_function,16.039999999999992,5.4,22.6,-56.1,neu_to_neu,np_to_np,na_to_na,0.61123,helix,88.78,FRAG1,0.48,0
pathogenic_variant,P88L,P,L,Cytoplasmic,unknown_function,-16.039999999999992,-5.4,-22.6,56.1,neu_to_neu,np_to_np,na_to_na,0.74223,coil,74.41,FRAG1,0.441,1
pathogenic_variant,H96P,H,P,S1,voltage_domain,40.03,-1.6,8.200000000000003,-38.1,pos_to_neu,p_to_np,na_to_na,0.77205,membrane_helix,88.17,FRAG1,0.429,1
pathogenic_variant,H96N,H,N,S1,voltage_domain,23.039999999999992,0.2999999999999998,13.800000000000004,-18.0,pos_to_neu,p_to_p,na_to_na,0.77205,membrane_helix,88.17,FRAG1,0.429,1
pathogenic_variant,L101H,L,H,S1,voltage_domain,-23.99000000000001,7.0,14.399999999999999,-18.0,neu_to_pos,np_to_p,na_to_na,0.77863,membrane_helix,89.54,FRAG1,0.509,1
pathogenic_variant,F104S,F,S,S1,voltage_domain,60.099999999999994,3.5999999999999996,59.1,-35.0,neu_to_neu,np_to_p,a_to_na,0.80824,membrane_helix,87.73,FRAG1,0.59,1
pathogenic_variant,C106G,C,G,S1,voltage_domain,46.09,2.9,28.0,-46.6,neu_to_neu,p_to_p,na_to_na,0.8511,membrane_helix,85.31,FRAG1,0.58,1
pathogenic_variant,L107F,L,F,S1,voltage_domain,-34.02000000000001,1.0,-13.600000000000001,4.6,neu_to_neu,np_to_np,na_to_a,0.7835,membrane_helix,85.66,FRAG1,0.529,1
benign_variant,L107H,L,H,S1,voltage_domain,-23.99000000000001,7.0,14.399999999999999,-18.0,neu_to_pos,np_to_p,na_to_na,0.7835,membrane_helix,85.66,FRAG1,0.529,0
pathogenic_variant,S113Y,S,Y,Extracelullar,voltage_domain,-76.1,0.5,-60.4,10.399999999999999,neu_to_neu,p_to_np,na_to_a,0.80996,membrane_helix,82.83,FRAG1,0.608,1
benign_variant,S113F,S,F,Extracelullar,voltage_domain,-60.099999999999994,-3.5999999999999996,-59.1,35.0,neu_to_neu,p_to_np,na_to_a,0.80996,membrane_helix,82.83,FRAG1,0.608,0
pathogenic_variant,T114P,T,P,Extracelullar,voltage_domain,3.990000000000009,0.9000000000000001,-7.0,-30.900000000000006,neu_to_neu,p_to_np,na_to_na,0.80304,membrane_helix,83.92,FRAG1,0.58,1
pathogenic_variant,T114A,T,A,Extracelullar,voltage_domain,30.03,-2.5,18.1,-2.1000000000000014,neu_to_neu,p_to_np,na_to_na,0.80304,membrane_helix,83.92,FRAG1,0.58,1
pathogenic_variant,T114I,T,I,Extracelullar,voltage_domain,-12.049999999999983,-5.2,-29.6,27.799999999999997,neu_to_neu,p_to_np,na_to_na,0.80304,membrane_helix,83.92,FRAG1,0.58,1
pathogenic_variant,E119G,E,G,Extracelullar,voltage_domain,72.06,-3.1,47.2,-5.399999999999999,neg_to_neu,p_to_p,na_to_na,0.76221,helix,83.98,FRAG1,0.546,1
pathogenic_variant,S122L,S,L,Extracelullar,voltage_domain,-26.079999999999984,-4.6,-45.5,30.4,neu_to_neu,p_to_np,na_to_na,0.74631,helix,85.54,FRAG1,0.586,1
pathogenic_variant,Y127C,Y,C,S2,voltage_domain,60.03,-3.8,50.5,22.700000000000003,neu_to_neu,np_to_p,a_to_na,0.77728,membrane_helix,84.07,FRAG1,0.574,1
pathogenic_variant,E130K,E,K,S2,voltage_domain,0.9399999999999977,0.3999999999999999,-20.799999999999997,-5.699999999999996,neg_to_pos,p_to_p,na_to_na,0.80182,membrane_helix,85.95,FRAG1,0.659,1
pathogenic_variant,V132M,V,M,S2,voltage_domain,-32.06,2.3000000000000003,-15.099999999999994,15.700000000000001,neu_to_neu,np_to_np,na_to_na,0.77773,membrane_helix,91.05,FRAG1,0.605,1
pathogenic_variant,E140Q,E,Q,S2,voltage_domain,0.9799999999999898,0.0,-4.099999999999994,5.0,neg_to_neu,p_to_p,na_to_na,0.82903,membrane_helix,92.1,FRAG1,0.571,1
pathogenic_variant,R144G,R,G,Cytoplasmic,voltage_domain,99.13,-4.1,70.8,-3.8999999999999986,pos_to_neu,p_to_p,na_to_na,0.84035,membrane_helix,90.88,FRAG1,0.484,1
pathogenic_variant,R144Q,R,Q,Cytoplasmic,voltage_domain,28.049999999999983,-1.0,19.5,6.5,pos_to_neu,p_to_p,na_to_na,0.84035,membrane_helix,90.88,FRAG1,0.484,1
pathogenic_variant,Y154D,Y,D,Cytoplasmic,voltage_domain,48.09,2.2,47.2,-14.899999999999999,neu_to_neg,np_to_p,a_to_na,0.88678,coil,84.87,FRAG1,0.663,1
pathogenic_variant,G159V,G,V,Cytoplasmic,voltage_domain,-42.08000000000001,-4.6000000000000005,-47.7,34.4,neu_to_neu,p_to_np,na_to_na,0.81661,coil,87.74,FRAG1,0.696,1
pathogenic_variant,G159R,G,R,Cytoplasmic,voltage_domain,-99.13,4.1,-70.8,3.8999999999999986,neu_to_pos,p_to_p,na_to_na,0.81661,coil,87.74,FRAG1,0.696,1
pathogenic_variant,G159E,G,E,Cytoplasmic,voltage_domain,-72.06,3.1,-47.2,5.399999999999999,neu_to_neg,p_to_p,na_to_na,0.81661,coil,87.74,FRAG1,0.696,1
pathogenic_variant,L161P,L,P,Cytoplasmic,voltage_domain,16.039999999999992,5.4,22.6,-56.1,neu_to_neu,np_to_np,na_to_na,0.80405,coil,89.94,FRAG1,0.696,1
pathogenic_variant,C169F,C,F,S3,voltage_domain,-44.03,-0.2999999999999998,-49.2,1.9000000000000004,neu_to_neu,p_to_np,na_to_a,0.88252,coil,88.07,FRAG1,0.846,1
pathogenic_variant,C169R,C,R,S3,voltage_domain,-53.03999999999999,7.0,-42.8,-42.7,neu_to_pos,p_to_p,na_to_na,0.88252,coil,88.07,FRAG1,0.846,1
pathogenic_variant,D172G,D,G,S3,voltage_domain,58.03,-3.1,31.3,-9.0,neg_to_neu,p_to_p,na_to_na,0.84773,membrane_helix,88.63,FRAG1,0.727,1
pathogenic_variant,V175L,V,L,S3,voltage_domain,-14.019999999999982,0.40000000000000036,-15.899999999999999,9.500000000000002,neu_to_neu,np_to_np,na_to_na,0.80831,membrane_helix,86.0,FRAG1,0.681,1
benign_variant,V182M,V,M,S3,voltage_domain,-32.06,2.3000000000000003,-15.099999999999994,15.700000000000001,neu_to_neu,np_to_np,na_to_na,0.79708,membrane_helix,78.38,FRAG1,0.565,0
pathogenic_variant,A185T,A,T,S3,voltage_domain,-30.03,2.5,-18.1,2.1000000000000014,neu_to_neu,np_to_p,na_to_na,0.79684,membrane_helix,77.49,GAP2,0.524,1
benign_variant,S187F,S,F,S3,voltage_domain,-60.099999999999994,-3.5999999999999996,-59.1,35.0,neu_to_neu,p_to_np,na_to_a,0.78411,membrane_helix,72.41,GAP2,0.491,0
pathogenic_variant,S187Y,S,Y,S3,voltage_domain,-76.1,0.5,-60.4,10.399999999999999,neu_to_neu,p_to_np,na_to_a,0.78411,membrane_helix,72.41,GAP2,0.491,1
pathogenic_variant,Q188P,Q,P,Extracelullar,voltage_domain,31.02000000000001,-1.9,10.299999999999997,-22.6,neu_to_neu,p_to_np,na_to_na,0.848,coil,68.95,GAP2,0.47,1
pathogenic_variant,Q188K,Q,K,Extracelullar,voltage_domain,-0.03999999999999204,0.3999999999999999,-16.700000000000003,-10.699999999999996,neu_to_pos,p_to_p,na_to_na,0.848,coil,68.95,GAP2,0.47,1
benign_variant,Q188R,Q,R,Extracelullar,voltage_domain,-28.049999999999983,1.0,-19.5,-6.5,neu_to_pos,p_to_p,na_to_na,0.848,coil,68.95,GAP2,0.47,0
pathogenic_variant,G189V,G,V,Extracelullar,voltage_domain,-42.08000000000001,-4.6000000000000005,-47.7,34.4,neu_to_neu,p_to_np,na_to_na,0.81077,helix,65.64,GAP2,0.414,1
pathogenic_variant,N190I,N,I,Extracelullar,voltage_domain,0.950000000000017,-8.0,-28.200000000000003,38.6,neu_to_neu,p_to_np,na_to_na,0.84766,helix,66.47,GAP2,0.355,1
pathogenic_variant,N190S,N,S,Extracelullar,voltage_domain,27.03,-2.7,17.299999999999997,5.600000000000001,neu_to_neu,p_to_p,na_to_na,0.84766,helix,66.47,GAP2,0.355,1
pathogenic_variant,A193D,A,D,Extracelullar,voltage_domain,-44.00999999999999,5.3,-15.4,-7.600000000000001,neu_to_neg,np_to_p,na_to_na,0.81929,helix,62.31,GAP2,0.304,1
pathogenic_variant,A193V,A,V,Extracelullar,voltage_domain,-28.060000000000002,-2.4000000000000004,-31.800000000000004,17.799999999999997,neu_to_neu,np_to_np,na_to_na,0.81929,helix,62.31,GAP2,0.304,1
pathogenic_variant,T194P,T,P,Extracelullar,voltage_domain,3.990000000000009,0.9000000000000001,-7.0,-30.900000000000006,neu_to_neu,p_to_np,na_to_na,0.82264,helix,64.67,GAP2,0.283,1
pathogenic_variant,T194I,T,I,Extracelullar,voltage_domain,-12.049999999999983,-5.2,-29.6,27.799999999999997,neu_to_neu,p_to_np,na_to_na,0.82264,helix,64.67,GAP2,0.283,1
pathogenic_variant,S195C,S,C,Extracelullar,voltage_domain,-16.069999999999993,-3.3,-9.899999999999999,33.1,neu_to_neu,p_to_p,na_to_na,0.82273,helix,67.25,FRAG2,0.303,1
pathogenic_variant,S195P,S,P,Extracelullar,voltage_domain,-10.039999999999992,0.8,-22.9,-25.700000000000003,neu_to_neu,p_to_np,na_to_na,0.82273,helix,67.25,FRAG2,0.303,1
pathogenic_variant,S195F,S,F,Extracelullar,voltage_domain,-60.099999999999994,-3.5999999999999996,-59.1,35.0,neu_to_neu,p_to_np,na_to_a,0.82273,helix,67.25,FRAG2,0.303,1
pathogenic_variant,A196V,A,V,S4,voltage_domain,-28.060000000000002,-2.4000000000000004,-31.800000000000004,17.799999999999997,neu_to_neu,np_to_np,na_to_na,0.8043,helix,66.57,FRAG2,0.215,1
pathogenic_variant,L197P,L,P,S4,voltage_domain,16.039999999999992,5.4,22.6,-56.1,neu_to_neu,np_to_np,na_to_na,0.75503,helix,66.48,FRAG2,0.213,1
pathogenic_variant,R198P,R,P,S4,voltage_domain,59.06999999999999,-2.9,29.799999999999997,-16.1,pos_to_neu,p_to_np,na_to_na,0.82569,helix,67.33,FRAG2,0.199,1
pathogenic_variant,R198Q,R,Q,S4,voltage_domain,28.049999999999983,-1.0,19.5,6.5,pos_to_neu,p_to_p,na_to_na,0.82569,helix,67.33,FRAG2,0.199,1
pathogenic_variant,L200P,L,P,S4,voltage_domain,16.039999999999992,5.4,22.6,-56.1,neu_to_neu,np_to_np,na_to_na,0.79274,helix,69.48,FRAG2,0.214,1
pathogenic_variant,R201C,R,C,S4,voltage_domain,53.03999999999999,-7.0,42.8,42.7,pos_to_neu,p_to_p,na_to_na,0.84353,coil,68.27,FRAG2,0.253,1
pathogenic_variant,R201H,R,H,S4,voltage_domain,19.039999999999992,-1.2999999999999998,21.599999999999994,22.0,pos_to_pos,p_to_p,na_to_na,0.84353,coil,68.27,FRAG2,0.253,1
pathogenic_variant,L203P,L,P,S4,voltage_domain,16.039999999999992,5.4,22.6,-56.1,neu_to_neu,np_to_np,na_to_na,0.80278,membrane_helix,68.69,FRAG2,0.229,1
pathogenic_variant,Q204R,Q,R,S4,voltage_domain,-28.049999999999983,1.0,-19.5,-6.5,neu_to_pos,p_to_p,na_to_na,0.8594,membrane_helix,70.96,FRAG2,0.229,1
pathogenic_variant,Q204H,Q,H,S4,voltage_domain,-9.009999999999991,-0.2999999999999998,2.0999999999999943,15.5,neu_to_pos,p_to_p,na_to_na,0.8594,membrane_helix,70.96,FRAG2,0.229,1
pathogenic_variant,I205V,I,V,S4,voltage_domain,14.019999999999982,0.2999999999999998,15.899999999999999,-12.100000000000001,neu_to_neu,np_to_np,na_to_na,0.83876,membrane_helix,76.38,FRAG2,0.231,1
pathogenic_variant,L206P,L,P,S4,voltage_domain,16.039999999999992,5.4,22.6,-56.1,neu_to_neu,np_to_np,na_to_na,0.81167,membrane_helix,77.24,FRAG2,0.255,1
pathogenic_variant,R207W,R,W,S4,voltage_domain,-30.03,-3.6,-29.200000000000003,36.3,pos_to_neu,p_to_np,na_to_a,0.85191,membrane_helix,76.95,FRAG2,0.128,1
pathogenic_variant,R207Q,R,Q,S4,voltage_domain,28.049999999999983,-1.0,19.5,6.5,pos_to_neu,p_to_p,na_to_na,0.85191,membrane_helix,76.95,FRAG2,0.128,1
pathogenic_variant,M208V,M,V,S4,voltage_domain,32.06,-2.3000000000000003,15.099999999999994,-15.700000000000001,neu_to_neu,np_to_np,na_to_na,0.88118,membrane_helix,77.54,FRAG2,0.129,1
pathogenic_variant,I209T,I,T,S4,voltage_domain,12.049999999999983,5.2,29.6,-27.799999999999997,neu_to_neu,np_to_p,na_to_na,0.84613,membrane_helix,77.64,FRAG2,0.129,1
pathogenic_variant,R210P,R,P,S4,voltage_domain,59.06999999999999,-2.9,29.799999999999997,-16.1,pos_to_neu,p_to_np,na_to_na,0.86252,membrane_helix,75.6,FRAG2,0.142,1
pathogenic_variant,R210H,R,H,S4,voltage_domain,19.039999999999992,-1.2999999999999998,21.599999999999994,22.0,pos_to_pos,p_to_p,na_to_na,0.86252,membrane_helix,75.6,FRAG2,0.142,1
pathogenic_variant,R210C,R,C,S4,voltage_domain,53.03999999999999,-7.0,42.8,42.7,pos_to_neu,p_to_p,na_to_na,0.86252,membrane_helix,75.6,FRAG2,0.142,1
pathogenic_variant,M211V,M,V,S4,voltage_domain,32.06,-2.3000000000000003,15.099999999999994,-15.700000000000001,neu_to_neu,np_to_np,na_to_na,0.88965,membrane_helix,73.14,FRAG2,0.141,1
pathogenic_variant,D212E,D,E,S4,voltage_domain,-14.030000000000001,0.0,-15.900000000000002,-3.6000000000000014,neg_to_neg,p_to_p,na_to_na,0.85085,membrane_helix,75.16,FRAG2,0.0,1
pathogenic_variant,D212V,D,V,S4,voltage_domain,15.949999999999989,-7.7,-16.400000000000002,25.4,neg_to_neu,p_to_np,na_to_na,0.85085,membrane_helix,75.16,FRAG2,0.0,1
pathogenic_variant,D212A,D,A,S4,voltage_domain,44.00999999999999,-5.3,15.4,7.600000000000001,neg_to_neu,p_to_np,na_to_na,0.85085,membrane_helix,75.16,FRAG2,0.0,1
pathogenic_variant,D212Y,D,Y,S4,voltage_domain,-48.09,-2.2,-47.2,14.899999999999999,neg_to_neu,p_to_np,na_to_a,0.85085,membrane_helix,75.16,FRAG2,0.0,1
pathogenic_variant,D212G,D,G,S4,voltage_domain,58.03,-3.1,31.3,-9.0,neg_to_neu,p_to_p,na_to_na,0.85085,membrane_helix,75.16,FRAG2,0.0,1
pathogenic_variant,R213Q,R,Q,S4,voltage_domain,28.049999999999983,-1.0,19.5,6.5,pos_to_neu,p_to_p,na_to_na,0.84835,membrane_helix,72.07,FRAG2,0.0,1
pathogenic_variant,R213W,R,W,S4,voltage_domain,-30.03,-3.6,-29.200000000000003,36.3,pos_to_neu,p_to_np,na_to_a,0.84835,membrane_helix,72.07,FRAG2,0.0,1
pathogenic_variant,R214P,R,P,S4,voltage_domain,59.06999999999999,-2.9,29.799999999999997,-16.1,pos_to_neu,p_to_np,na_to_na,0.84763,membrane_helix,72.21,FRAG2,0.0,1
pathogenic_variant,R214W,R,W,S4,voltage_domain,-30.03,-3.6,-29.200000000000003,36.3,pos_to_neu,p_to_np,na_to_a,0.84763,membrane_helix,72.21,FRAG2,0.0,1
pathogenic_variant,R214Q,R,Q,S4,voltage_domain,28.049999999999983,-1.0,19.5,6.5,pos_to_neu,p_to_p,na_to_na,0.84763,membrane_helix,72.21,FRAG2,0.0,1
pathogenic_variant,G215R,G,R,S4,voltage_domain,-99.13,4.1,-70.8,3.8999999999999986,neu_to_pos,p_to_p,na_to_na,0.82331,membrane_helix,80.22,FRAG2,0.0,1
pathogenic_variant,T217A,T,A,S4,voltage_domain,30.03,-2.5,18.1,-2.1000000000000014,neu_to_neu,p_to_np,na_to_na,0.83901,membrane_helix,84.63,FRAG2,0.0,1
pathogenic_variant,T217N,T,N,S4,voltage_domain,-13.0,2.8,-1.3999999999999986,-10.800000000000004,neu_to_neu,p_to_p,na_to_na,0.83901,membrane_helix,84.63,FRAG2,0.0,1
pathogenic_variant,T217P,T,P,S4,voltage_domain,3.990000000000009,0.9000000000000001,-7.0,-30.900000000000006,neu_to_neu,p_to_np,na_to_na,0.83901,membrane_helix,84.63,FRAG2,0.0,1
pathogenic_variant,K219N,K,N,Cytoplasmic,unknown_function,14.069999999999993,-0.3999999999999999,32.6,8.199999999999996,pos_to_neu,p_to_p,na_to_na,0.83142,coil,86.89,FRAG2,0.0,1
pathogenic_variant,G222D,G,D,Cytoplasmic,unknown_function,-58.03,3.1,-31.3,9.0,neu_to_neg,p_to_p,na_to_na,0.7988,helix,92.49,FRAG2,0.0,1
pathogenic_variant,S223P,S,P,Cytoplasmic,unknown_function,-10.039999999999992,0.8,-22.9,-25.700000000000003,neu_to_neu,p_to_np,na_to_na,0.82258,helix,89.88,FRAG2,0.122,1
pathogenic_variant,V224L,V,L,Cytoplasmic,unknown_function,-14.019999999999982,0.40000000000000036,-15.899999999999999,9.500000000000002,neu_to_neu,np_to_np,na_to_na,0.81382,helix,93.36,FRAG2,0.114,1
benign_variant,V224A,V,A,Cytoplasmic,unknown_function,28.060000000000002,2.4000000000000004,31.800000000000004,-17.799999999999997,neu_to_neu,np_to_np,na_to_na,0.81382,helix,93.36,FRAG2,0.114,0
pathogenic_variant,H228Y,H,Y,Cytoplasmic,unknown_function,-26.03,-1.9000000000000001,-29.299999999999997,-2.0,pos_to_neu,p_to_np,na_to_a,0.87637,helix,94.47,FRAG2,0.106,1
pathogenic_variant,H228R,H,R,Cytoplasmic,unknown_function,-19.039999999999992,1.2999999999999998,-21.599999999999994,-22.0,pos_to_pos,p_to_p,na_to_na,0.87637,helix,94.47,FRAG2,0.106,1
pathogenic_variant,H228Q,H,Q,Cytoplasmic,unknown_function,9.009999999999991,0.2999999999999998,-2.0999999999999943,-15.5,pos_to_neu,p_to_p,na_to_na,0.87637,helix,94.47,FRAG2,0.106,1
pathogenic_variant,K230M,K,M,Cytoplasmic,unknown_function,-3.0200000000000102,-5.8,5.200000000000003,50.4,pos_to_neu,p_to_np,na_to_na,0.82729,helix,95.1,FRAG2,0.097,1
pathogenic_variant,E231D,E,D,Cytoplasmic,unknown_function,14.030000000000001,0.0,15.900000000000002,3.6000000000000014,neg_to_neg,p_to_p,na_to_na,0.82851,helix,95.17,FRAG2,0.097,1
pathogenic_variant,E231G,E,G,Cytoplasmic,unknown_function,72.06,-3.1,47.2,-5.399999999999999,neg_to_neu,p_to_p,na_to_na,0.82851,helix,95.17,FRAG2,0.097,1
pathogenic_variant,E231Q,E,Q,Cytoplasmic,unknown_function,0.9799999999999898,0.0,-4.099999999999994,5.0,neg_to_neu,p_to_p,na_to_na,0.82851,helix,95.17,FRAG2,0.097,1
pathogenic_variant,T234P,T,P,S5,pore_domain,3.990000000000009,0.9000000000000001,-7.0,-30.900000000000006,neu_to_neu,p_to_np,na_to_na,0.83568,coil,95.5,FRAG2,0.086,1
pathogenic_variant,T234I,T,I,S5,pore_domain,-12.049999999999983,-5.2,-29.6,27.799999999999997,neu_to_neu,p_to_np,na_to_na,0.83568,coil,95.5,FRAG2,0.086,1
pathogenic_variant,A235V,A,V,S5,pore_domain,-28.060000000000002,-2.4000000000000004,-31.800000000000004,17.799999999999997,neu_to_neu,np_to_np,na_to_na,0.81594,membrane_helix,94.35,FRAG2,0.087,1
pathogenic_variant,A235T,A,T,S5,pore_domain,-30.03,2.5,-18.1,2.1000000000000014,neu_to_neu,np_to_p,na_to_na,0.81594,membrane_helix,94.35,FRAG2,0.087,1
pathogenic_variant,Y237C,Y,C,S5,pore_domain,60.03,-3.8,50.5,22.700000000000003,neu_to_neu,np_to_p,a_to_na,0.87002,membrane_helix,96.25,FRAG2,0.08,1
benign_variant,Y237F,Y,F,S5,pore_domain,16.0,-4.1,1.2999999999999972,24.6,neu_to_neu,np_to_np,a_to_a,0.87002,membrane_helix,96.25,FRAG2,0.08,0
pathogenic_variant,I238L,I,L,S5,pore_domain,0.0,0.7000000000000002,0.0,-2.5999999999999996,neu_to_neu,np_to_np,na_to_na,0.83796,membrane_helix,95.9,FRAG2,0.08,1
pathogenic_variant,G239R,G,R,S5,pore_domain,-99.13,4.1,-70.8,3.8999999999999986,neu_to_pos,p_to_p,na_to_na,0.83092,membrane_helix,95.21,FRAG2,0.079,1
pathogenic_variant,C242G,C,G,S5,pore_domain,46.09,2.9,28.0,-46.6,neu_to_neu,p_to_p,na_to_na,0.86024,membrane_helix,94.86,FRAG2,0.07,1
pathogenic_variant,L243F,L,F,S5,pore_domain,-34.02000000000001,1.0,-13.600000000000001,4.6,neu_to_neu,np_to_np,na_to_a,0.80036,membrane_helix,96.11,FRAG2,0.069,1
pathogenic_variant,L243V,L,V,S5,pore_domain,14.019999999999982,-0.40000000000000036,15.899999999999999,-9.500000000000002,neu_to_neu,np_to_np,na_to_na,0.80036,membrane_helix,96.11,FRAG2,0.069,1
pathogenic_variant,L245P,L,P,S5,pore_domain,16.039999999999992,5.4,22.6,-56.1,neu_to_neu,np_to_np,na_to_na,0.80565,membrane_helix,96.17,FRAG2,0.139,1
pathogenic_variant,A246P,A,P,S5,pore_domain,-26.039999999999992,3.4000000000000004,-25.1,-28.800000000000004,neu_to_neu,np_to_np,na_to_na,0.80424,membrane_helix,95.4,FRAG2,0.139,1
pathogenic_variant,S247L,S,L,S5,pore_domain,-26.079999999999984,-4.6,-45.5,30.4,neu_to_neu,p_to_np,na_to_na,0.82305,membrane_helix,96.4,FRAG2,0.138,1
pathogenic_variant,S247P,S,P,S5,pore_domain,-10.039999999999992,0.8,-22.9,-25.700000000000003,neu_to_neu,p_to_np,na_to_na,0.82305,membrane_helix,96.4,FRAG2,0.138,1
pathogenic_variant,S247W,S,W,S5,pore_domain,-99.13999999999999,0.09999999999999998,-81.9,26.7,neu_to_neu,p_to_np,na_to_a,0.82305,membrane_helix,96.4,FRAG2,0.138,1
pathogenic_variant,F248S,F,S,S5,pore_domain,60.099999999999994,3.5999999999999996,59.1,-35.0,neu_to_neu,np_to_p,a_to_na,0.84188,membrane_helix,96.34,FRAG2,0.138,1
pathogenic_variant,L249P,L,P,S5,pore_domain,16.039999999999992,5.4,22.6,-56.1,neu_to_neu,np_to_np,na_to_na,0.80184,membrane_helix,96.09,FRAG2,0.13,1
pathogenic_variant,V250G,V,G,S5,pore_domain,42.08000000000001,4.6000000000000005,47.7,-34.4,neu_to_neu,np_to_p,na_to_na,0.81736,membrane_helix,96.05,FRAG2,0.124,1
pathogenic_variant,V250L,V,L,S5,pore_domain,-14.019999999999982,0.40000000000000036,-15.899999999999999,9.500000000000002,neu_to_neu,np_to_np,na_to_na,0.81736,membrane_helix,96.05,FRAG2,0.124,1
pathogenic_variant,A253S,A,S,Extracelullar,pore_domain,-16.0,2.6,-2.200000000000001,-3.1000000000000014,neu_to_neu,np_to_p,na_to_na,0.80417,membrane_helix,95.22,FRAG2,0.125,1
pathogenic_variant,A253T,A,T,Extracelullar,pore_domain,-30.03,2.5,-18.1,2.1000000000000014,neu_to_neu,np_to_p,na_to_na,0.80417,membrane_helix,95.22,FRAG2,0.125,1
pathogenic_variant,E254D,E,D,Extracelullar,pore_domain,14.030000000000001,0.0,15.900000000000002,3.6000000000000014,neg_to_neg,p_to_p,na_to_na,0.81514,membrane_helix,95.08,FRAG2,0.072,1
pathogenic_variant,K255R,K,R,Extracelullar,pore_domain,-28.00999999999999,0.6000000000000001,-2.799999999999997,4.199999999999996,pos_to_pos,p_to_p,na_to_na,0.81637,membrane_helix,91.59,FRAG2,0.076,1
pathogenic_variant,G256R,G,R,Extracelullar,pore_domain,-99.13,4.1,-70.8,3.8999999999999986,neu_to_pos,p_to_p,na_to_na,0.75477,membrane_helix,89.41,FRAG2,0.076,1
pathogenic_variant,G256W,G,W,Extracelullar,pore_domain,-129.16,0.5,-100.0,40.2,neu_to_neu,p_to_np,na_to_a,0.75477,membrane_helix,89.41,FRAG2,0.076,1
benign_variant,N258I,N,I,Extracelullar,pore_domain,0.950000000000017,-8.0,-28.200000000000003,38.6,neu_to_neu,p_to_np,na_to_na,0.83332,membrane_helix,88.33,FRAG2,0.077,0
pathogenic_variant,N258S,N,S,Extracelullar,pore_domain,27.03,-2.7,17.299999999999997,5.600000000000001,neu_to_neu,p_to_p,na_to_na,0.83332,membrane_helix,88.33,FRAG2,0.077,1
benign_variant,D259N,D,N,Extracelullar,pore_domain,0.9799999999999898,0.0,-4.099999999999998,-1.1000000000000014,neg_to_neu,p_to_p,na_to_na,0.77117,membrane_helix,90.34,FRAG2,0.077,0
pathogenic_variant,D259G,D,G,Extracelullar,pore_domain,58.03,-3.1,31.3,-9.0,neg_to_neu,p_to_p,na_to_na,0.77117,membrane_helix,90.34,FRAG2,0.077,1
pathogenic_variant,D259Y,D,Y,Extracelullar,pore_domain,-48.09,-2.2,-47.2,14.899999999999999,neg_to_neu,p_to_np,na_to_a,0.77117,membrane_helix,90.34,FRAG2,0.077,1
pathogenic_variant,H260Y,H,Y,Extracelullar,pore_domain,-26.03,-1.9000000000000001,-29.299999999999997,-2.0,pos_to_neu,p_to_np,na_to_a,0.81164,coil,91.32,FRAG2,0.083,1
pathogenic_variant,F261C,F,C,Extracelullar,pore_domain,44.03,0.2999999999999998,49.2,-1.9000000000000004,neu_to_neu,np_to_p,a_to_na,0.84291,coil,93.13,FRAG2,0.088,1
pathogenic_variant,F261S,F,S,Extracelullar,pore_domain,60.099999999999994,3.5999999999999996,59.1,-35.0,neu_to_neu,np_to_p,a_to_na,0.84291,coil,93.13,FRAG2,0.088,1
pathogenic_variant,F261I,F,I,Extracelullar,pore_domain,34.02000000000001,-1.7000000000000002,13.600000000000001,-2.0,neu_to_neu,np_to_np,a_to_na,0.84291,coil,93.13,FRAG2,0.088,1
pathogenic_variant,T263I,T,I,Extracelullar,pore_domain,-12.049999999999983,-5.2,-29.6,27.799999999999997,neu_to_neu,p_to_np,na_to_na,0.83447,coil,94.16,FRAG2,0.164,1
pathogenic_variant,T263A,T,A,Extracelullar,pore_domain,30.03,-2.5,18.1,-2.1000000000000014,neu_to_neu,p_to_np,na_to_na,0.83447,coil,94.16,FRAG2,0.164,1
pathogenic_variant,Y264N,Y,N,Extracelullar,pore_domain,49.06999999999999,2.2,43.1,-16.0,neu_to_neu,np_to_p,a_to_na,0.85251,coil,95.58,FRAG2,0.176,1
pathogenic_variant,A265P,A,P,Pore,pore_domain,-26.039999999999992,3.4000000000000004,-25.1,-28.800000000000004,neu_to_neu,np_to_np,na_to_na,0.80531,coil,96.71,FRAG2,0.174,1
pathogenic_variant,A265V,A,V,Pore,pore_domain,-28.060000000000002,-2.4000000000000004,-31.800000000000004,17.799999999999997,neu_to_neu,np_to_np,na_to_na,0.80531,coil,96.71,FRAG2,0.174,1
pathogenic_variant,A265G,A,G,Pore,pore_domain,14.02000000000001,2.2,15.9,-16.6,neu_to_neu,np_to_p,na_to_na,0.80531,coil,96.71,FRAG2,0.174,1
pathogenic_variant,A265T,A,T,Pore,pore_domain,-30.03,2.5,-18.1,2.1000000000000014,neu_to_neu,np_to_p,na_to_na,0.80531,coil,96.71,FRAG2,0.174,1
pathogenic_variant,D266G,D,G,Pore,pore_domain,58.03,-3.1,31.3,-9.0,neg_to_neu,p_to_p,na_to_na,0.84725,coil,95.82,FRAG2,0.261,1
pathogenic_variant,D266E,D,E,Pore,pore_domain,-14.030000000000001,0.0,-15.900000000000002,-3.6000000000000014,neg_to_neg,p_to_p,na_to_na,0.84725,coil,95.82,FRAG2,0.261,1
pathogenic_variant,L268F,L,F,Pore,pore_domain,-34.02000000000001,1.0,-13.600000000000001,4.6,neu_to_neu,np_to_np,na_to_a,0.81455,membrane_helix,96.95,FRAG2,0.259,1
pathogenic_variant,L268P,L,P,Pore,pore_domain,16.039999999999992,5.4,22.6,-56.1,neu_to_neu,np_to_np,na_to_na,0.81455,membrane_helix,96.95,FRAG2,0.259,1
pathogenic_variant,W269L,W,L,Pore,pore_domain,73.06,-4.7,36.4,3.700000000000001,neu_to_neu,np_to_np,a_to_na,0.88507,membrane_helix,96.89,FRAG2,0.276,1
pathogenic_variant,W269S,W,S,Pore,pore_domain,99.13999999999999,-0.09999999999999998,81.9,-26.7,neu_to_neu,np_to_p,a_to_na,0.88507,membrane_helix,96.89,FRAG2,0.276,1
pathogenic_variant,W269T,W,T,Pore,pore_domain,85.10999999999999,-0.20000000000000007,66.0,-21.499999999999996,neu_to_neu,np_to_p,a_to_na,0.88507,membrane_helix,96.89,FRAG2,0.276,1
pathogenic_variant,W270R,W,R,Pore,pore_domain,30.03,3.6,29.200000000000003,-36.3,neu_to_pos,np_to_p,a_to_na,0.87828,membrane_helix,96.46,FRAG2,0.26,1
pathogenic_variant,G271V,G,V,Pore,pore_domain,-42.08000000000001,-4.6000000000000005,-47.7,34.4,neu_to_neu,p_to_np,na_to_na,0.81171,membrane_helix,96.21,FRAG2,0.26,1
pathogenic_variant,G271D,G,D,Pore,pore_domain,-58.03,3.1,-31.3,9.0,neu_to_neg,p_to_p,na_to_na,0.81171,membrane_helix,96.21,FRAG2,0.26,1
pathogenic_variant,G271R,G,R,Pore,pore_domain,-99.13,4.1,-70.8,3.8999999999999986,neu_to_pos,p_to_p,na_to_na,0.81171,membrane_helix,96.21,FRAG2,0.26,1
pathogenic_variant,I273N,I,N,Pore,pore_domain,-0.950000000000017,8.0,28.200000000000003,-38.6,neu_to_neu,np_to_p,na_to_na,0.78549,membrane_helix,96.32,FRAG2,0.259,1
pathogenic_variant,I273M,I,M,Pore,pore_domain,-18.04000000000002,2.6,0.8000000000000043,3.6,neu_to_neu,np_to_np,na_to_na,0.78549,membrane_helix,96.32,FRAG2,0.259,1
pathogenic_variant,T274M,T,M,Pore,pore_domain,-30.090000000000003,-2.5999999999999996,-28.799999999999997,31.4,neu_to_neu,p_to_np,na_to_na,0.78146,membrane_helix,95.8,FRAG2,0.259,1
pathogenic_variant,L275V,L,V,Pore,pore_domain,14.019999999999982,-0.40000000000000036,15.899999999999999,-9.500000000000002,neu_to_neu,np_to_np,na_to_na,0.75447,membrane_helix,94.8,FRAG2,0.186,1
pathogenic_variant,T276P,T,P,Pore,pore_domain,3.990000000000009,0.9000000000000001,-7.0,-30.900000000000006,neu_to_neu,p_to_np,na_to_na,0.77933,membrane_helix,94.5,FRAG2,0.175,1
pathogenic_variant,T276N,T,N,Pore,pore_domain,-13.0,2.8,-1.3999999999999986,-10.800000000000004,neu_to_neu,p_to_p,na_to_na,0.77933,membrane_helix,94.5,FRAG2,0.175,1
pathogenic_variant,T276I,T,I,Pore,pore_domain,-12.049999999999983,-5.2,-29.6,27.799999999999997,neu_to_neu,p_to_np,na_to_na,0.77933,membrane_helix,94.5,FRAG2,0.175,1
pathogenic_variant,T277I,T,I,Pore,selectivity_filter,-12.049999999999983,-5.2,-29.6,27.799999999999997,neu_to_neu,p_to_np,na_to_na,0.79332,membrane_helix,96.06,FRAG2,0.177,1
pathogenic_variant,T277A,T,A,Pore,selectivity_filter,30.03,-2.5,18.1,-2.1000000000000014,neu_to_neu,p_to_np,na_to_na,0.79332,membrane_helix,96.06,FRAG2,0.177,1
pathogenic_variant,T277S,T,S,Pore,selectivity_filter,14.030000000000001,0.10000000000000009,15.899999999999999,-5.200000000000003,neu_to_neu,p_to_p,na_to_na,0.79332,membrane_helix,96.06,FRAG2,0.177,1
pathogenic_variant,I278N,I,N,Pore,selectivity_filter,-0.950000000000017,8.0,28.200000000000003,-38.6,neu_to_neu,np_to_p,na_to_na,0.78844,membrane_helix,96.36,FRAG2,0.178,1
pathogenic_variant,I278T,I,T,Pore,selectivity_filter,12.049999999999983,5.2,29.6,-27.799999999999997,neu_to_neu,np_to_p,na_to_na,0.78844,membrane_helix,96.36,FRAG2,0.178,1
benign_variant,G279S,G,S,Pore,selectivity_filter,-30.02000000000001,0.4,-18.1,13.5,neu_to_neu,p_to_p,na_to_na,0.79177,membrane_helix,94.4,FRAG2,0.167,0
pathogenic_variant,G279C,G,C,Pore,selectivity_filter,-46.09,-2.9,-28.0,46.6,neu_to_neu,p_to_p,na_to_na,0.79177,membrane_helix,94.4,FRAG2,0.167,1
pathogenic_variant,Y280C,Y,C,Pore,selectivity_filter,60.03,-3.8,50.5,22.700000000000003,neu_to_neu,np_to_p,a_to_na,0.81632,membrane_helix,95.61,FRAG2,0.18,1
pathogenic_variant,Y280H,Y,H,Pore,selectivity_filter,26.03,1.9000000000000001,29.299999999999997,2.0,neu_to_pos,np_to_p,a_to_na,0.81632,membrane_helix,95.61,FRAG2,0.18,1
pathogenic_variant,G281E,G,E,Pore,selectivity_filter,-72.06,3.1,-47.2,5.399999999999999,neu_to_neg,p_to_p,na_to_na,0.76872,coil,93.93,FRAG2,0.253,1
pathogenic_variant,G281W,G,W,Pore,selectivity_filter,-129.16,0.5,-100.0,40.2,neu_to_neu,p_to_np,na_to_a,0.76872,coil,93.93,FRAG2,0.253,1
pathogenic_variant,G281R,G,R,Pore,selectivity_filter,-99.13,4.1,-70.8,3.8999999999999986,neu_to_pos,p_to_p,na_to_na,0.76872,coil,93.93,FRAG2,0.253,1
pathogenic_variant,D282N,D,N,Pore,selectivity_filter,0.9799999999999898,0.0,-4.099999999999998,-1.1000000000000014,neg_to_neu,p_to_p,na_to_na,0.79944,coil,95.42,FRAG2,0.238,1
pathogenic_variant,D282V,D,V,Pore,selectivity_filter,15.949999999999989,-7.7,-16.400000000000002,25.4,neg_to_neu,p_to_np,na_to_na,0.79944,coil,95.42,FRAG2,0.238,1
pathogenic_variant,D282E,D,E,Pore,selectivity_filter,-14.030000000000001,0.0,-15.900000000000002,-3.6000000000000014,neg_to_neg,p_to_p,na_to_na,0.79944,coil,95.42,FRAG2,0.238,1
pathogenic_variant,D282Y,D,Y,Pore,selectivity_filter,-48.09,-2.2,-47.2,14.899999999999999,neg_to_neu,p_to_np,na_to_a,0.79944,coil,95.42,FRAG2,0.238,1
pathogenic_variant,D282H,D,H,Pore,selectivity_filter,-22.060000000000002,-0.2999999999999998,-17.900000000000002,16.9,neg_to_pos,p_to_p,na_to_na,0.79944,coil,95.42,FRAG2,0.238,1
pathogenic_variant,K283R,K,R,Pore,pore_domain,-28.00999999999999,0.6000000000000001,-2.799999999999997,4.199999999999996,pos_to_pos,p_to_p,na_to_na,0.78856,coil,94.05,FRAG2,0.238,1
pathogenic_variant,K283E,K,E,Pore,pore_domain,-0.9399999999999977,-0.3999999999999999,20.799999999999997,5.699999999999996,pos_to_neg,p_to_p,na_to_na,0.78856,coil,94.05,FRAG2,0.238,1
pathogenic_variant,Y284C,Y,C,Pore,pore_domain,60.03,-3.8,50.5,22.700000000000003,neu_to_neu,np_to_p,a_to_na,0.77557,coil,94.58,FRAG2,0.225,1
pathogenic_variant,Y284H,Y,H,Pore,pore_domain,26.03,1.9000000000000001,29.299999999999997,2.0,neu_to_pos,np_to_p,a_to_na,0.77557,coil,94.58,FRAG2,0.225,1
pathogenic_variant,Y284D,Y,D,Pore,pore_domain,48.09,2.2,47.2,-14.899999999999999,neu_to_neg,np_to_p,a_to_na,0.77557,coil,94.58,FRAG2,0.225,1
pathogenic_variant,P285T,P,T,Pore,pore_domain,-3.990000000000009,-0.9000000000000001,7.0,30.900000000000006,neu_to_neu,np_to_p,na_to_na,0.8078,coil,94.87,FRAG2,0.215,1
pathogenic_variant,P285H,P,H,Pore,pore_domain,-40.03,1.6,-8.200000000000003,38.1,neu_to_pos,np_to_p,na_to_na,0.8078,coil,94.87,FRAG2,0.215,1
pathogenic_variant,P285L,P,L,Pore,pore_domain,-16.039999999999992,-5.4,-22.6,56.1,neu_to_neu,np_to_np,na_to_na,0.8078,coil,94.87,FRAG2,0.215,1
pathogenic_variant,P285S,P,S,Pore,pore_domain,10.039999999999992,-0.8,22.9,25.700000000000003,neu_to_neu,np_to_p,na_to_na,0.8078,coil,94.87,FRAG2,0.215,1
benign_variant,T287A,T,A,Extracelullar,pore_domain,30.03,-2.5,18.1,-2.1000000000000014,neu_to_neu,p_to_np,na_to_na,0.79635,coil,95.66,FRAG2,0.206,0
pathogenic_variant,T287N,T,N,Extracelullar,pore_domain,-13.0,2.8,-1.3999999999999986,-10.800000000000004,neu_to_neu,p_to_p,na_to_na,0.79635,coil,95.66,FRAG2,0.206,1
pathogenic_variant,T287I,T,I,Extracelullar,pore_domain,-12.049999999999983,-5.2,-29.6,27.799999999999997,neu_to_neu,p_to_np,na_to_na,0.79635,coil,95.66,FRAG2,0.206,1
pathogenic_variant,W288C,W,C,Extracelullar,pore_domain,83.07,-3.4,72.0,6.4,neu_to_neu,np_to_p,a_to_na,0.83935,coil,95.03,FRAG2,0.205,1
pathogenic_variant,G290D,G,D,Extracelullar,pore_domain,-58.03,3.1,-31.3,9.0,neu_to_neg,p_to_p,na_to_na,0.77211,coil,95.29,FRAG2,0.202,1
pathogenic_variant,G290S,G,S,Extracelullar,pore_domain,-30.02000000000001,0.4,-18.1,13.5,neu_to_neu,p_to_p,na_to_na,0.77211,coil,95.29,FRAG2,0.202,1
pathogenic_variant,G290V,G,V,Extracelullar,pore_domain,-42.08000000000001,-4.6000000000000005,-47.7,34.4,neu_to_neu,p_to_np,na_to_na,0.77211,coil,95.29,FRAG2,0.202,1
pathogenic_variant,R291G,R,G,Extracelullar,pore_domain,99.13,-4.1,70.8,-3.8999999999999986,pos_to_neu,p_to_p,na_to_na,0.79372,coil,95.74,FRAG2,0.175,1
pathogenic_variant,R291S,R,S,Extracelullar,pore_domain,69.10999999999999,-3.7,52.699999999999996,9.600000000000001,pos_to_neu,p_to_p,na_to_na,0.79372,coil,95.74,FRAG2,0.175,1
pathogenic_variant,L292P,L,P,S6,pore_domain,16.039999999999992,5.4,22.6,-56.1,neu_to_neu,np_to_np,na_to_na,0.75034,membrane_helix,96.93,FRAG2,0.162,1
benign_variant,L293P,L,P,S6,pore_domain,16.039999999999992,5.4,22.6,-56.1,neu_to_neu,np_to_np,na_to_na,0.74788,membrane_helix,95.78,FRAG2,0.162,0
pathogenic_variant,A294G,A,G,S6,pore_domain,14.02000000000001,2.2,15.9,-16.6,neu_to_neu,np_to_p,na_to_na,0.76429,membrane_helix,95.64,FRAG2,0.163,1
pathogenic_variant,A294V,A,V,S6,pore_domain,-28.060000000000002,-2.4000000000000004,-31.800000000000004,17.799999999999997,neu_to_neu,np_to_np,na_to_na,0.76429,membrane_helix,95.64,FRAG2,0.163,1
pathogenic_variant,T296P,T,P,S6,pore_domain,3.990000000000009,0.9000000000000001,-7.0,-30.900000000000006,neu_to_neu,p_to_np,na_to_na,0.78176,membrane_helix,95.54,FRAG2,0.17,1
pathogenic_variant,G301V,G,V,S6,pore_domain,-42.08000000000001,-4.6000000000000005,-47.7,34.4,neu_to_neu,p_to_np,na_to_na,0.76378,membrane_helix,94.36,FRAG2,0.131,1
pathogenic_variant,G301D,G,D,S6,pore_domain,-58.03,3.1,-31.3,9.0,neu_to_neg,p_to_p,na_to_na,0.76378,membrane_helix,94.36,FRAG2,0.131,1
pathogenic_variant,G301S,G,S,S6,pore_domain,-30.02000000000001,0.4,-18.1,13.5,neu_to_neu,p_to_p,na_to_na,0.76378,membrane_helix,94.36,FRAG2,0.131,1
pathogenic_variant,F304S,F,S,S6,pore_domain,60.099999999999994,3.5999999999999996,59.1,-35.0,neu_to_neu,np_to_p,a_to_na,0.79736,membrane_helix,95.05,FRAG2,0.147,1
pathogenic_variant,F305L,F,L,S6,pore_domain,34.02000000000001,-1.0,13.600000000000001,-4.6,neu_to_neu,np_to_np,a_to_na,0.79759,membrane_helix,94.57,FRAG2,0.157,1
pathogenic_variant,A306E,A,E,S6,pore_domain,-58.03999999999999,5.3,-31.300000000000004,-11.200000000000003,neu_to_neg,np_to_p,na_to_na,0.75832,membrane_helix,95.25,FRAG2,0.156,1
pathogenic_variant,A306P,A,P,S6,pore_domain,-26.039999999999992,3.4000000000000004,-25.1,-28.800000000000004,neu_to_neu,np_to_np,na_to_na,0.75832,membrane_helix,95.25,FRAG2,0.156,1
pathogenic_variant,A306V,A,V,S6,pore_domain,-28.060000000000002,-2.4000000000000004,-31.800000000000004,17.799999999999997,neu_to_neu,np_to_np,na_to_na,0.75832,membrane_helix,95.25,FRAG2,0.156,1
pathogenic_variant,A306T,A,T,S6,pore_domain,-30.03,2.5,-18.1,2.1000000000000014,neu_to_neu,np_to_p,na_to_na,0.75832,membrane_helix,95.25,FRAG2,0.156,1
pathogenic_variant,P308L,P,L,S6,pore_domain,-16.039999999999992,-5.4,-22.6,56.1,neu_to_neu,np_to_np,na_to_na,0.7944,membrane_helix,94.45,FRAG2,0.163,1
benign_variant,P308S,P,S,S6,pore_domain,10.039999999999992,-0.8,22.9,25.700000000000003,neu_to_neu,np_to_p,na_to_na,0.7944,membrane_helix,94.45,FRAG2,0.163,0
pathogenic_variant,A309V,A,V,S6,pore_domain,-28.060000000000002,-2.4000000000000004,-31.800000000000004,17.799999999999997,neu_to_neu,np_to_np,na_to_na,0.76203,membrane_helix,95.36,FRAG2,0.161,1
pathogenic_variant,G310S,G,S,S6,pore_domain,-30.02000000000001,0.4,-18.1,13.5,neu_to_neu,p_to_p,na_to_na,0.78401,membrane_helix,96.01,FRAG2,0.17,1
pathogenic_variant,I311M,I,M,S6,pore_domain,-18.04000000000002,2.6,0.8000000000000043,3.6,neu_to_neu,np_to_np,na_to_na,0.81146,coil,96.13,FRAG2,0.169,1
pathogenic_variant,I311N,I,N,S6,pore_domain,-0.950000000000017,8.0,28.200000000000003,-38.6,neu_to_neu,np_to_p,na_to_na,0.81146,coil,96.13,FRAG2,0.169,1
pathogenic_variant,L312S,L,S,S6,pore_domain,26.079999999999984,4.6,45.5,-30.4,neu_to_neu,np_to_p,na_to_na,0.78539,membrane_helix,96.14,FRAG2,0.096,1
pathogenic_variant,G313R,G,R,Cytoplasmic,unknown_function,-99.13,4.1,-70.8,3.8999999999999986,neu_to_pos,p_to_p,na_to_na,0.80228,membrane_helix,95.88,FRAG2,0.103,1
pathogenic_variant,S314P,S,P,Cytoplasmic,unknown_function,-10.039999999999992,0.8,-22.9,-25.700000000000003,neu_to_neu,p_to_np,na_to_na,0.82267,membrane_helix,95.03,FRAG2,0.102,1
pathogenic_variant,S314T,S,T,Cytoplasmic,unknown_function,-14.030000000000001,-0.10000000000000009,-15.899999999999999,5.200000000000003,neu_to_neu,p_to_p,na_to_na,0.82267,membrane_helix,95.03,FRAG2,0.102,1
pathogenic_variant,G315A,G,A,Cytoplasmic,unknown_function,-14.02000000000001,-2.2,-15.9,16.6,neu_to_neu,p_to_np,na_to_na,0.79829,membrane_helix,93.63,FRAG2,0.12,1
pathogenic_variant,G315E,G,E,Cytoplasmic,unknown_function,-72.06,3.1,-47.2,5.399999999999999,neu_to_neg,p_to_p,na_to_na,0.79829,membrane_helix,93.63,FRAG2,0.12,1
pathogenic_variant,G315R,G,R,Cytoplasmic,unknown_function,-99.13,4.1,-70.8,3.8999999999999986,neu_to_pos,p_to_p,na_to_na,0.79829,membrane_helix,93.63,FRAG2,0.12,1
pathogenic_variant,A317T,A,T,Cytoplasmic,unknown_function,-30.03,2.5,-18.1,2.1000000000000014,neu_to_neu,np_to_p,na_to_na,0.80975,membrane_helix,92.68,FRAG2,0.145,1
pathogenic_variant,K319E,K,E,Cytoplasmic,unknown_function,-0.9399999999999977,-0.3999999999999999,20.799999999999997,5.699999999999996,pos_to_neg,p_to_p,na_to_na,0.8367,membrane_helix,86.92,FRAG2,0.236,1
pathogenic_variant,K319R,K,R,Cytoplasmic,unknown_function,-28.00999999999999,0.6000000000000001,-2.799999999999997,4.199999999999996,pos_to_pos,p_to_p,na_to_na,0.8367,membrane_helix,86.92,FRAG2,0.236,1
pathogenic_variant,V320I,V,I,Cytoplasmic,unknown_function,-14.019999999999982,-0.2999999999999998,-15.899999999999999,12.100000000000001,neu_to_neu,np_to_np,na_to_na,0.82515,coil,87.03,FRAG2,0.218,1
pathogenic_variant,H324Y,H,Y,Cytoplasmic,unknown_function,-26.03,-1.9000000000000001,-29.299999999999997,-2.0,pos_to_neu,p_to_np,na_to_a,0.89251,helix,81.74,FRAG2,0.567,1
pathogenic_variant,H324R,H,R,Cytoplasmic,unknown_function,-19.039999999999992,1.2999999999999998,-21.599999999999994,-22.0,pos_to_pos,p_to_p,na_to_na,0.89251,helix,81.74,FRAG2,0.567,1
pathogenic_variant,R325G,R,G,Cytoplasmic,unknown_function,99.13,-4.1,70.8,-3.8999999999999986,pos_to_neu,p_to_p,na_to_na,0.86843,helix,80.19,FRAG2,0.439,1
pathogenic_variant,K327M,K,M,Cytoplasmic,unknown_function,-3.0200000000000102,-5.8,5.200000000000003,50.4,pos_to_neu,p_to_np,na_to_na,0.86197,helix,78.93,FRAG2,0.563,1
pathogenic_variant,F329S,F,S,Cytoplasmic,unknown_function,60.099999999999994,3.5999999999999996,59.1,-35.0,neu_to_neu,np_to_p,a_to_na,0.86687,helix,79.28,FRAG2,0.434,1
pathogenic_variant,K331T,K,T,Cytoplasmic,unknown_function,27.069999999999993,-3.2,34.0,19.0,pos_to_neu,p_to_p,na_to_na,0.85537,helix,82.13,FRAG2,0.428,1
benign_variant,R332K,R,K,hA,CaM_interaction,28.00999999999999,-0.6000000000000001,2.799999999999997,-4.199999999999996,pos_to_pos,p_to_p,na_to_na,0.85615,helix,86.23,FRAG2,0.386,0
pathogenic_variant,R332G,R,G,hA,CaM_interaction,99.13,-4.1,70.8,-3.8999999999999986,pos_to_neu,p_to_p,na_to_na,0.85615,helix,86.23,FRAG2,0.386,1
pathogenic_variant,R333W,R,W,hA,CaM_interaction,-30.03,-3.6,-29.200000000000003,36.3,pos_to_neu,p_to_np,na_to_a,0.85028,helix,89.91,FRAG2,0.351,1
pathogenic_variant,R333Q,R,Q,hA,CaM_interaction,28.049999999999983,-1.0,19.5,6.5,pos_to_neu,p_to_p,na_to_na,0.85028,helix,89.91,FRAG2,0.351,1
pathogenic_variant,P335R,P,R,hA,CaM_interaction,-59.06999999999999,2.9,-29.799999999999997,16.1,neu_to_pos,np_to_p,na_to_na,0.85016,helix,91.9,FRAG2,0.394,1
pathogenic_variant,P335A,P,A,hA,CaM_interaction,26.039999999999992,-3.4000000000000004,25.1,28.800000000000004,neu_to_neu,np_to_np,na_to_na,0.85016,helix,91.9,FRAG2,0.394,1
pathogenic_variant,P335L,P,L,hA,CaM_interaction,-16.039999999999992,-5.4,-22.6,56.1,neu_to_neu,np_to_np,na_to_na,0.85016,helix,91.9,FRAG2,0.394,1
pathogenic_variant,P335S,P,S,hA,CaM_interaction,10.039999999999992,-0.8,22.9,25.700000000000003,neu_to_neu,np_to_p,na_to_na,0.85016,helix,91.9,FRAG2,0.394,1
pathogenic_variant,A336V,A,V,hA,CaM_interaction,-28.060000000000002,-2.4000000000000004,-31.800000000000004,17.799999999999997,neu_to_neu,np_to_np,na_to_na,0.81318,helix,94.43,FRAG2,0.394,1
pathogenic_variant,A337T,A,T,hA,CaM_interaction,-30.03,2.5,-18.1,2.1000000000000014,neu_to_neu,np_to_p,na_to_na,0.81124,helix,94.66,FRAG2,0.404,1
pathogenic_variant,A337G,A,G,hA,CaM_interaction,14.02000000000001,2.2,15.9,-16.6,neu_to_neu,np_to_p,na_to_na,0.81124,helix,94.66,FRAG2,0.404,1
pathogenic_variant,L339R,L,R,hA,CaM_interaction,-43.03,8.3,-7.199999999999996,-40.0,neu_to_pos,np_to_p,na_to_na,0.78368,helix,95.74,FRAG2,0.387,1
pathogenic_variant,L339Q,L,Q,hA,CaM_interaction,-14.980000000000018,7.3,12.300000000000004,-33.5,neu_to_neu,np_to_p,na_to_na,0.78368,helix,95.74,FRAG2,0.387,1
benign_variant,I340T,I,T,hA,CaM_interaction,12.049999999999983,5.2,29.6,-27.799999999999997,neu_to_neu,np_to_p,na_to_na,0.80753,helix,95.47,FRAG2,0.365,0
pathogenic_variant,I340M,I,M,hA,CaM_interaction,-18.04000000000002,2.6,0.8000000000000043,3.6,neu_to_neu,np_to_np,na_to_na,0.80753,helix,95.47,FRAG2,0.365,1
pathogenic_variant,I340N,I,N,hA,CaM_interaction,-0.950000000000017,8.0,28.200000000000003,-38.6,neu_to_neu,np_to_p,na_to_na,0.80753,helix,95.47,FRAG2,0.365,1
pathogenic_variant,Q341H,Q,H,hA,CaM_interaction,-9.009999999999991,-0.2999999999999998,2.0999999999999943,15.5,neu_to_pos,p_to_p,na_to_na,0.84599,helix,93.28,FRAG2,0.369,1
pathogenic_variant,Q341R,Q,R,hA,CaM_interaction,-28.049999999999983,1.0,-19.5,-6.5,neu_to_pos,p_to_p,na_to_na,0.84599,helix,93.28,FRAG2,0.369,1
pathogenic_variant,A343G,A,G,hA,CaM_interaction,14.02000000000001,2.2,15.9,-16.6,neu_to_neu,np_to_p,na_to_na,0.81259,helix,93.71,FRAG2,0.352,1
pathogenic_variant,W344R,W,R,hA,CaM_interaction,30.03,3.6,29.200000000000003,-36.3,neu_to_pos,np_to_p,a_to_na,0.87974,helix,92.38,FRAG2,0.356,1
pathogenic_variant,W344G,W,G,hA,CaM_interaction,129.16,-0.5,100.0,-40.2,neu_to_neu,np_to_p,a_to_na,0.87974,helix,92.38,FRAG2,0.356,1
pathogenic_variant,T349I,T,I,hA,CaM_interaction,-12.049999999999983,-5.2,-29.6,27.799999999999997,neu_to_neu,p_to_np,na_to_na,0.82835,helix,84.85,FRAG2,0.266,1
pathogenic_variant,N350K,N,K,hA,CaM_interaction,-14.069999999999993,0.3999999999999999,-32.6,-8.199999999999996,neu_to_pos,p_to_p,na_to_na,0.84759,coil,84.39,FRAG2,0.284,1
pathogenic_variant,N350I,N,I,hA,CaM_interaction,0.950000000000017,-8.0,-28.200000000000003,38.6,neu_to_neu,p_to_np,na_to_na,0.84759,coil,84.39,FRAG2,0.284,1
pathogenic_variant,N350H,N,H,hA,CaM_interaction,-23.039999999999992,-0.2999999999999998,-13.800000000000004,18.0,neu_to_pos,p_to_p,na_to_na,0.84759,coil,84.39,FRAG2,0.284,1
pathogenic_variant,L351F,L,F,Cytoplasmic,CaM_interaction,-34.02000000000001,1.0,-13.600000000000001,4.6,neu_to_neu,np_to_np,na_to_a,0.79809,coil,79.5,FRAG2,0.284,1
pathogenic_variant,L351V,L,V,Cytoplasmic,CaM_interaction,14.019999999999982,-0.40000000000000036,15.899999999999999,-9.500000000000002,neu_to_neu,np_to_np,na_to_na,0.79809,coil,79.5,FRAG2,0.284,1
pathogenic_variant,S352P,S,P,Cytoplasmic,CaM_interaction,-10.039999999999992,0.8,-22.9,-25.700000000000003,neu_to_neu,p_to_np,na_to_na,0.79218,coil,77.94,FRAG2,0.338,1
pathogenic_variant,R353H,R,H,Cytoplasmic,CaM_interaction,19.039999999999992,-1.2999999999999998,21.599999999999994,22.0,pos_to_pos,p_to_p,na_to_na,0.83002,coil,75.53,FRAG2,0.45,1
pathogenic_variant,R353G,R,G,Cytoplasmic,CaM_interaction,99.13,-4.1,70.8,-3.8999999999999986,pos_to_neu,p_to_p,na_to_na,0.83002,coil,75.53,FRAG2,0.45,1
pathogenic_variant,R353C,R,C,Cytoplasmic,CaM_interaction,53.03999999999999,-7.0,42.8,42.7,pos_to_neu,p_to_p,na_to_na,0.83002,coil,75.53,FRAG2,0.45,1
pathogenic_variant,D355G,D,G,Cytoplasmic,CaM_interaction,58.03,-3.1,31.3,-9.0,neg_to_neu,p_to_p,na_to_na,0.81798,coil,73.94,FRAG2,0.448,1
pathogenic_variant,D355V,D,V,Cytoplasmic,CaM_interaction,15.949999999999989,-7.7,-16.400000000000002,25.4,neg_to_neu,p_to_np,na_to_na,0.81798,coil,73.94,FRAG2,0.448,1
pathogenic_variant,D355E,D,E,Cytoplasmic,CaM_interaction,-14.030000000000001,0.0,-15.900000000000002,-3.6000000000000014,neg_to_neg,p_to_p,na_to_na,0.81798,coil,73.94,FRAG2,0.448,1
pathogenic_variant,L356V,L,V,Cytoplasmic,CaM_interaction,14.019999999999982,-0.40000000000000036,15.899999999999999,-9.500000000000002,neu_to_neu,np_to_np,na_to_na,0.7934,coil,77.51,FRAG2,0.499,1
pathogenic_variant,L356R,L,R,Cytoplasmic,CaM_interaction,-43.03,8.3,-7.199999999999996,-40.0,neu_to_pos,np_to_p,na_to_na,0.7934,coil,77.51,FRAG2,0.499,1
pathogenic_variant,S358F,S,F,hTW,CaM_interaction,-60.099999999999994,-3.5999999999999996,-59.1,35.0,neu_to_neu,p_to_np,na_to_a,0.82396,helix,77.36,FRAG2,0.494,1
pathogenic_variant,T359A,T,A,hTW,CaM_interaction,30.03,-2.5,18.1,-2.1000000000000014,neu_to_neu,p_to_np,na_to_na,0.83093,helix,79.83,FRAG2,0.527,1
pathogenic_variant,T359K,T,K,hTW,CaM_interaction,-27.069999999999993,3.2,-34.0,-19.0,neu_to_pos,p_to_p,na_to_na,0.83093,helix,79.83,FRAG2,0.527,1
pathogenic_variant,W360C,W,C,hTW,CaM_interaction,83.07,-3.4,72.0,6.4,neu_to_neu,np_to_p,a_to_na,0.88364,coil,81.96,FRAG2,0.56,1
pathogenic_variant,Y362C,Y,C,hTW,CaM_interaction,60.03,-3.8,50.5,22.700000000000003,neu_to_neu,np_to_p,a_to_na,0.87464,coil,80.74,FRAG2,0.563,1
pathogenic_variant,Y363H,Y,H,hTW,CaM_interaction,26.03,1.9000000000000001,29.299999999999997,2.0,neu_to_pos,np_to_p,a_to_na,0.87464,coil,82.48,FRAG2,0.645,1
pathogenic_variant,Y363C,Y,C,hTW,CaM_interaction,60.03,-3.8,50.5,22.700000000000003,neu_to_neu,np_to_p,a_to_na,0.87464,coil,82.48,FRAG2,0.645,1
benign_variant,P387T,P,T,Cytoplasmic,CaM_interaction,-3.990000000000009,-0.9000000000000001,7.0,30.900000000000006,neu_to_neu,np_to_p,na_to_na,0.85405,coil,41.54,GAP3,0.731,0
benign_variant,R395G,R,G,Cytoplasmic,CaM_interaction,99.13,-4.1,70.8,-3.8999999999999986,pos_to_neu,p_to_p,na_to_na,0.8228,coil,43.76,GAP3,0.683,0
benign_variant,P411L,P,L,Cytoplasmic,CaM_interaction,-16.039999999999992,-5.4,-22.6,56.1,neu_to_neu,np_to_np,na_to_na,0.67547,coil,38.26,GAP3,0.717,0
benign_variant,G418V,G,V,Cytoplasmic,CaM_interaction,-42.08000000000001,-4.6000000000000005,-47.7,34.4,neu_to_neu,p_to_np,na_to_na,0.37653,coil,33.52,GAP3,0.792,0
pathogenic_variant,P420M,P,M,Cytoplasmic,CaM_interaction,-34.08000000000001,-3.5,-21.799999999999997,62.300000000000004,neu_to_neu,np_to_np,na_to_na,0.31154,coil,35.04,GAP3,0.835,1
benign_variant,C429Y,C,Y,Cytoplasmic,CaM_interaction,-60.03,3.8,-50.5,-22.700000000000003,neu_to_neu,p_to_np,na_to_a,0.40906,coil,37.15,GAP3,0.915,0
pathogenic_variant,P430S,P,S,Cytoplasmic,CaM_interaction,10.039999999999992,-0.8,22.9,25.700000000000003,neu_to_neu,np_to_p,na_to_na,0.37813,coil,40.74,GAP3,0.894,1
pathogenic_variant,R432C,R,C,Cytoplasmic,CaM_interaction,53.03999999999999,-7.0,42.8,42.7,pos_to_neu,p_to_p,na_to_na,0.41429,coil,36.15,GAP3,0.947,1
benign_variant,V450M,V,M,Cytoplasmic,CaM_interaction,-32.06,2.3000000000000003,-15.099999999999994,15.700000000000001,neu_to_neu,np_to_np,na_to_na,0.66265,coil,39.95,GAP3,1.007,0
pathogenic_variant,Q461P,Q,P,Cytoplasmic,CaM_interaction,31.02000000000001,-1.9,10.299999999999997,-22.6,neu_to_neu,p_to_np,na_to_na,0.5132,coil,36.12,GAP3,0.825,1
benign_variant,D488E,D,E,Cytoplasmic,CaM_interaction,-14.030000000000001,0.0,-15.900000000000002,-3.6000000000000014,neg_to_neg,p_to_p,na_to_na,0.77072,coil,36.65,GAP3,0.837,0
pathogenic_variant,R491Q,R,Q,Cytoplasmic,CaM_interaction,28.049999999999983,-1.0,19.5,6.5,pos_to_neu,p_to_p,na_to_na,0.81382,coil,37.31,GAP3,0.909,1
pathogenic_variant,A501P,A,P,Cytoplasmic,CaM_interaction,-26.039999999999992,3.4000000000000004,-25.1,-28.800000000000004,neu_to_neu,np_to_np,na_to_na,0.7619,coil,37.9,GAP3,0.871,1
pathogenic_variant,R504W,R,W,Cytoplasmic,CaM_interaction,-30.03,-3.6,-29.200000000000003,36.3,pos_to_neu,p_to_np,na_to_a,0.84095,coil,37.97,GAP3,0.909,1
pathogenic_variant,E515D,E,D,Cytoplasmic,CaM_interaction,14.030000000000001,0.0,15.900000000000002,3.6000000000000014,neg_to_neg,p_to_p,na_to_na,0.7476,coil,37.07,GAP3,0.82,1
benign_variant,E530K,E,K,Cytoplasmic,CaM_interaction,0.9399999999999977,0.3999999999999999,-20.799999999999997,-5.699999999999996,neg_to_pos,p_to_p,na_to_na,0.78351,coil,53.66,GAP3,0.861,0
pathogenic_variant,G535S,G,S,hB,CaM_interaction,-30.02000000000001,0.4,-18.1,13.5,neu_to_neu,p_to_p,na_to_na,0.7776,coil,84.74,FRAG3,0.745,1
pathogenic_variant,R541G,R,G,hB,CaM_interaction,99.13,-4.1,70.8,-3.8999999999999986,pos_to_neu,p_to_p,na_to_na,0.8255,coil,89.24,FRAG3,0.791,1
benign_variant,V543M,V,M,hB,CaM_interaction,-32.06,2.3000000000000003,-15.099999999999994,15.700000000000001,neu_to_neu,np_to_np,na_to_na,0.79354,helix,92.17,FRAG3,0.719,0
pathogenic_variant,C544Y,C,Y,hB,CaM_interaction,-60.03,3.8,-50.5,-22.700000000000003,neu_to_neu,p_to_np,na_to_a,0.86626,helix,92.15,FRAG3,0.696,1
pathogenic_variant,M546V,M,V,hB,CaM_interaction,32.06,-2.3000000000000003,15.099999999999994,-15.700000000000001,neu_to_neu,np_to_np,na_to_na,0.86202,helix,93.88,FRAG3,0.567,1
pathogenic_variant,M546T,M,T,hB,CaM_interaction,30.090000000000003,2.5999999999999996,28.799999999999997,-31.4,neu_to_neu,np_to_p,na_to_na,0.86202,helix,93.88,FRAG3,0.567,1
pathogenic_variant,R547W,R,W,hB,CaM_interaction,-30.03,-3.6,-29.200000000000003,36.3,pos_to_neu,p_to_np,na_to_a,0.84002,helix,93.64,FRAG3,0.545,1
pathogenic_variant,R547G,R,G,hB,CaM_interaction,99.13,-4.1,70.8,-3.8999999999999986,pos_to_neu,p_to_p,na_to_na,0.84002,helix,93.64,FRAG3,0.545,1
pathogenic_variant,K552T,K,T,hB,CaM_interaction,27.069999999999993,-3.2,34.0,19.0,pos_to_neu,p_to_p,na_to_na,0.82888,helix,94.33,FRAG3,0.524,1
pathogenic_variant,K552N,K,N,hB,CaM_interaction,14.069999999999993,-0.3999999999999999,32.6,8.199999999999996,pos_to_neu,p_to_p,na_to_na,0.82888,helix,94.33,FRAG3,0.524,1
pathogenic_variant,R553W,R,W,hB,CaM_interaction,-30.03,-3.6,-29.200000000000003,36.3,pos_to_neu,p_to_np,na_to_a,0.84257,helix,92.83,FRAG3,0.474,1
pathogenic_variant,R553Q,R,Q,hB,CaM_interaction,28.049999999999983,-1.0,19.5,6.5,pos_to_neu,p_to_p,na_to_na,0.84257,helix,92.83,FRAG3,0.474,1
pathogenic_variant,R553L,R,L,hB,CaM_interaction,43.03,-8.3,7.199999999999996,40.0,pos_to_neu,p_to_np,na_to_na,0.84257,helix,92.83,FRAG3,0.474,1
pathogenic_variant,R553P,R,P,hB,CaM_interaction,59.06999999999999,-2.9,29.799999999999997,-16.1,pos_to_neu,p_to_np,na_to_na,0.84257,helix,92.83,FRAG3,0.474,1
pathogenic_variant,K554N,K,N,hB,CaM_interaction,14.069999999999993,-0.3999999999999999,32.6,8.199999999999996,pos_to_neu,p_to_p,na_to_na,0.84028,helix,91.04,FRAG3,0.47,1
pathogenic_variant,F555L,F,L,hB,CaM_interaction,34.02000000000001,-1.0,13.600000000000001,-4.6,neu_to_neu,np_to_np,a_to_na,0.85607,helix,92.96,FRAG3,0.47,1
pathogenic_variant,K556E,K,E,hB,CaM_interaction,-0.9399999999999977,-0.3999999999999999,20.799999999999997,5.699999999999996,pos_to_neg,p_to_p,na_to_na,0.83927,helix,91.15,FRAG3,0.451,1
pathogenic_variant,R560W,R,W,Cytoplasmic,unknown_function,-30.03,-3.6,-29.200000000000003,36.3,pos_to_neu,p_to_np,na_to_a,0.84883,coil,85.95,FRAG3,0.366,1
pathogenic_variant,R560Q,R,Q,Cytoplasmic,unknown_function,28.049999999999983,-1.0,19.5,6.5,pos_to_neu,p_to_p,na_to_na,0.84883,coil,85.95,FRAG3,0.366,1
pathogenic_variant,P561S,P,S,Cytoplasmic,unknown_function,10.039999999999992,-0.8,22.9,25.700000000000003,neu_to_neu,np_to_p,na_to_na,0.85411,coil,84.88,FRAG3,0.329,1
pathogenic_variant,P561L,P,L,Cytoplasmic,unknown_function,-16.039999999999992,-5.4,-22.6,56.1,neu_to_neu,np_to_np,na_to_na,0.85411,coil,84.88,FRAG3,0.329,1
pathogenic_variant,P561R,P,R,Cytoplasmic,unknown_function,-59.06999999999999,2.9,-29.799999999999997,16.1,neu_to_pos,np_to_p,na_to_na,0.85411,coil,84.88,FRAG3,0.329,1
pathogenic_variant,D563N,D,N,hC,SID_domain,0.9799999999999898,0.0,-4.099999999999998,-1.1000000000000014,neg_to_neu,p_to_p,na_to_na,0.85911,coil,87.91,FRAG3,0.295,1
pathogenic_variant,D563Y,D,Y,hC,SID_domain,-48.09,-2.2,-47.2,14.899999999999999,neg_to_neu,p_to_np,na_to_a,0.85911,coil,87.91,FRAG3,0.295,1
pathogenic_variant,D563E,D,E,hC,SID_domain,-14.030000000000001,0.0,-15.900000000000002,-3.6000000000000014,neg_to_neg,p_to_p,na_to_na,0.85911,coil,87.91,FRAG3,0.295,1
pathogenic_variant,D566H,D,H,hC,SID_domain,-22.060000000000002,-0.2999999999999998,-17.900000000000002,16.9,neg_to_pos,p_to_p,na_to_na,0.84738,helix,89.81,FRAG3,0.251,1
pathogenic_variant,V567D,V,D,hC,SID_domain,-15.949999999999989,7.7,16.400000000000002,-25.4,neu_to_neg,np_to_p,na_to_na,0.83374,helix,92.03,FRAG3,0.25,1
benign_variant,I568T,I,T,hC,SID_domain,12.049999999999983,5.2,29.6,-27.799999999999997,neu_to_neu,np_to_p,na_to_na,0.84894,helix,93.46,FRAG3,0.25,0
pathogenic_variant,G574D,G,D,hC,SID_domain,-58.03,3.1,-31.3,9.0,neu_to_neg,p_to_p,na_to_na,0.81734,coil,93.08,FRAG3,0.224,1
pathogenic_variant,G574S,G,S,hC,SID_domain,-30.02000000000001,0.4,-18.1,13.5,neu_to_neu,p_to_p,na_to_na,0.81734,coil,93.08,FRAG3,0.224,1
pathogenic_variant,M578V,M,V,hC,SID_domain,32.06,-2.3000000000000003,15.099999999999994,-15.700000000000001,neu_to_neu,np_to_np,na_to_na,0.86693,helix,94.26,FRAG3,0.436,1
pathogenic_variant,M578T,M,T,hC,SID_domain,30.090000000000003,2.5999999999999996,28.799999999999997,-31.4,neu_to_neu,np_to_p,na_to_na,0.86693,helix,94.26,FRAG3,0.436,1
pathogenic_variant,M578I,M,I,hC,SID_domain,18.04000000000002,-2.6,-0.8000000000000043,-3.6,neu_to_neu,np_to_np,na_to_na,0.86693,helix,94.26,FRAG3,0.436,1
pathogenic_variant,L579M,L,M,hC,SID_domain,-18.04000000000002,1.9,0.8000000000000043,6.199999999999999,neu_to_neu,np_to_np,na_to_na,0.79913,helix,95.14,FRAG3,0.466,1
pathogenic_variant,L579V,L,V,hC,SID_domain,14.019999999999982,-0.40000000000000036,15.899999999999999,-9.500000000000002,neu_to_neu,np_to_np,na_to_na,0.79913,helix,95.14,FRAG3,0.466,1
pathogenic_variant,R581L,R,L,hC,SID_domain,43.03,-8.3,7.199999999999996,40.0,pos_to_neu,p_to_np,na_to_na,0.8321,helix,94.47,FRAG3,0.475,1
pathogenic_variant,R581G,R,G,hC,SID_domain,99.13,-4.1,70.8,-3.8999999999999986,pos_to_neu,p_to_p,na_to_na,0.8321,helix,94.47,FRAG3,0.475,1
pathogenic_variant,R581Q,R,Q,hC,SID_domain,28.049999999999983,-1.0,19.5,6.5,pos_to_neu,p_to_p,na_to_na,0.8321,helix,94.47,FRAG3,0.475,1
pathogenic_variant,I582F,I,F,hC,SID_domain,-34.02000000000001,1.7000000000000002,-13.600000000000001,2.0,neu_to_neu,np_to_np,na_to_a,0.81029,helix,94.49,FRAG3,0.56,1
pathogenic_variant,K583N,K,N,hC,SID_domain,14.069999999999993,-0.3999999999999999,32.6,8.199999999999996,pos_to_neu,p_to_p,na_to_na,0.82548,helix,93.91,FRAG3,0.583,1
pathogenic_variant,R588S,R,S,hC,SID_domain,69.10999999999999,-3.7,52.699999999999996,9.600000000000001,pos_to_neu,p_to_p,na_to_na,0.66296,helix,87.12,FRAG3,0.705,1
pathogenic_variant,V589G,V,G,hC,SID_domain,42.08000000000001,4.6000000000000005,47.7,-34.4,neu_to_neu,np_to_p,na_to_na,0.70078,helix,86.97,FRAG3,0.811,1
pathogenic_variant,I592M,I,M,hC,SID_domain,-18.04000000000002,2.6,0.8000000000000043,3.6,neu_to_neu,np_to_np,na_to_na,0.82961,coil,79.94,FRAG3,0.898,1
pathogenic_variant,R595W,R,W,Cytoplasmic,SID_domain,-30.03,-3.6,-29.200000000000003,36.3,pos_to_neu,p_to_np,na_to_a,0.79581,coil,58.03,FRAG3,0.825,1
benign_variant,A611V,A,V,Cytoplasmic,SID_domain,-28.060000000000002,-2.4000000000000004,-31.800000000000004,17.799999999999997,neu_to_neu,np_to_np,na_to_na,0.65708,coil,37.04,GAP4,0.848,0
pathogenic_variant,L637R,L,R,hD,SID_domain,-43.03,8.3,-7.199999999999996,-40.0,neu_to_pos,np_to_p,na_to_na,0.70963,helix,84.51,GAP4,0.851,1
pathogenic_variant,Q646R,Q,R,hD,SID_domain,-28.049999999999983,1.0,-19.5,-6.5,neu_to_pos,p_to_p,na_to_na,0.76508,helix,76.59,GAP4,0.882,1
benign_variant,R647Q,R,Q,hD,SID_domain,28.049999999999983,-1.0,19.5,6.5,pos_to_neu,p_to_p,na_to_na,0.7466,helix,73.93,GAP4,0.877,0
pathogenic_variant,E656K,E,K,Cytoplasmic,unknown_function,0.9399999999999977,0.3999999999999999,-20.799999999999997,-5.699999999999996,neg_to_pos,p_to_p,na_to_na,0.68449,coil,50.09,GAP4,0.849,1
benign_variant,I689L,I,L,Cytoplasmic,unknown_function,0.0,0.7000000000000002,0.0,-2.5999999999999996,neu_to_neu,np_to_np,na_to_na,0.60867,beta_strand,31.24,GAP4,0.829,0
pathogenic_variant,T716I,T,I,Cytoplasmic,unknown_function,-12.049999999999983,-5.2,-29.6,27.799999999999997,neu_to_neu,p_to_np,na_to_na,0.74417,coil,36.02,GAP4,0.731,1
benign_variant,G729S,G,S,Cytoplasmic,unknown_function,-30.02000000000001,0.4,-18.1,13.5,neu_to_neu,p_to_p,na_to_na,0.68395,coil,36.57,GAP4,0.861,0
benign_variant,G737S,G,S,Cytoplasmic,unknown_function,-30.02000000000001,0.4,-18.1,13.5,neu_to_neu,p_to_p,na_to_na,0.60725,coil,36.74,GAP4,0.86,0
pathogenic_variant,A747V,A,V,Cytoplasmic,unknown_function,-28.060000000000002,-2.4000000000000004,-31.800000000000004,17.799999999999997,neu_to_neu,np_to_np,na_to_na,0.67086,helix,43.69,GAP4,0.879,1
benign_variant,Y755C,Y,C,Cytoplasmic,unknown_function,60.03,-3.8,50.5,22.700000000000003,neu_to_neu,np_to_p,a_to_na,0.62417,helix,36.06,GAP4,0.832,0
benign_variant,G756S,G,S,Cytoplasmic,unknown_function,-30.02000000000001,0.4,-18.1,13.5,neu_to_neu,p_to_p,na_to_na,0.57099,coil,32.56,GAP4,0.814,0
benign_variant,A761S,A,S,Cytoplasmic,unknown_function,-16.0,2.6,-2.200000000000001,-3.1000000000000014,neu_to_neu,np_to_p,na_to_na,0.5857,coil,35.95,GAP4,0.857,0
benign_variant,N780T,N,T,Cytoplasmic,unknown_function,13.0,-2.8,1.3999999999999986,10.800000000000004,neu_to_neu,p_to_p,na_to_na,0.5608,coil,30.2,GAP4,0.838,0
benign_variant,T847P,T,P,Cytoplasmic,unknown_function,3.990000000000009,0.9000000000000001,-7.0,-30.900000000000006,neu_to_neu,p_to_np,na_to_na,0.68392,coil,33.66,GAP4,0.771,0
pathogenic_variant,P852L,P,L,Cytoplasmic,unknown_function,-16.039999999999992,-5.4,-22.6,56.1,neu_to_neu,np_to_np,na_to_na,0.59805,coil,38.32,GAP4,0.797,1
benign_variant,R854C,R,C,Cytoplasmic,unknown_function,53.03999999999999,-7.0,42.8,42.7,pos_to_neu,p_to_p,na_to_na,0.47339,coil,29.43,GAP4,0.811,0
benign_variant,R871S,R,S,Cytoplasmic,unknown_function,69.10999999999999,-3.7,52.699999999999996,9.600000000000001,pos_to_neu,p_to_p,na_to_na,0.53425,coil,30.57,GAP4,0.847,0
